"100","News & Stories","12.6.1993","0:45:11","","","Anti-Opera","Anti-Oper","Material Battle of 1914 / Flight over Siberia/ Conversation with Heiner Müller","Materialschlacht von 1914 / Flug über Sibirien/ Gespräch mit Heiner Müller","Heiner Müller was invited to a conference in Japan on the fate of opera in the 20th and 21st century. He talks about his flight over Siberia and his fascination with this ""giant ridge"" that he characterizes as the ""Asian time preserve of Russia.""  This is followed by thoughts about the past, present and future of opera and theater. He thinks that in earlier times opera could be a vessel for utopia, but now it is like a fraudulent enterprise: ""When everything has been said, the voices become soft and then the opera comes."" The traditional Japanese puppet show, the Bunraku, is a future form of theater for Müller because opera and theater find their way back to each other.In an intermediary sequence the composer Wolfgang Rihm reports about his work with Heiner Müller on musical theater and the adaption of the piece ""Hamlet Machine.""The conversation between Müller and Kluge continues with a strange story: the false pregnancy of Blücher, the General in World War I, which was a way of working through the battle in Ligny. Through this anecdote the interview returns to Japanese theater and a piece in which an actor plays both male and female roles. Müller is of the opinion that theater has suffered a loss through the gender-specific disciplining of roles. Müller believes that this disciplining of the theater can be countered by integrating opera into theater as a ""female genre.""An important theme of the conference in Japan was cultural exchange, which Müller polemicized against with a parable from Brazil that critically interrogates the importation of European culture. The discussion then turns to the irrational hopes that were and are inspired by turns of the century. With a quotation from the Fatzer fragment from Brecht, Müller tries to describe the most recent breaks and the ideas that were connected with them: ""Ghosts used to come from the past, now they also come from the future.""The discussion ends with thoughts about gas warfare and the animalistic fear that it causes in those who are affected. Asked about what he took from his experiences in Japan, Müller reports abut the impressive number of characters in the Japanese language. ","Heiner Müller war zu einer Konferenz über das Schicksal der Oper im 20. und 21. Jahrhundert in Japan eingeladen und berichtet von seinem Flug über Sibirien und seine Faszination für diesen ""Riesenrücken"", den er als ""asiatische Zeitreserve Russlands"" bezeichnet. Dem schließen sich Überlegungen zu Vergangenheit, Gegenwart und Zukunft der Oper und des Theaters an. Seiner Meinung nach konnte die Oper früherer Zeit ein Gefäß für Utopie sein, während sie heute einem Betrugsunternehmen gleicht: ""Wenn alles gesagt ist, werden die Stimmen süß und dann kommt die Oper."" Eine Zukunftsform des Theaters ist für ihn das traditionelle japanische Marionettenspiel, das Bunraku, indem Oper und Theater zueinander finden.In einer Zwischensequenz berichtet der Komponist Wolfgang Rihm über seine Zusammenarbeit mit Heiner Müller am Musiktheater und die Umsetzung des Stücks ""Hamletmaschine"".Das Gespräch zwischen Müller und Kluge setzt sich mit einer kuriosen Geschichte fort: Der Scheinschwangerschaft Blüchers, dem General des 1. Weltkriegs, der die Schlacht von Ligny auf diese Weise verarbeitet habe. Über diese Anekdote gelangt das Interview zurück zum japanischen Theater und einem Stück, indem ein Schauspieler sowohl männliche, als auch weibliche Rollen spielt. Müller ist der Überzeugung, dass das Theater durch die geschlechtsspezifische Disziplinierung der Rollen einen Verlust erlitten hat. Die Oper als ""weibliches Genre"" in das Theater zu integrieren, ist für Müller ein Ansatz, um diese Disziplinierung rückgängig zu machen.Ein wichtiges Thema der Konferenz in Japan war der Kulturaustausch, gegen den Müller in seinem Vortrag mit einer Parabel aus Brasilien polemisiert hat, die den Import europäischer Kultur kritisch hinterfragt.Das Gespräch wendet sich dann mit den irrationalen Hoffnungen, die historische und aktuelle Jahrhundertwenden weckten und wecken, zu. Mit einem Zitat aus dem Fatzer-Fragment von Brecht versucht Müller die jüngsten Brüche und die Ideen, die sich mit ihnen verbinden, zu fassen: ""wie früher Geister kamen aus Vergangenheit, so jetzt aus Zukunft ebenso.""Das Gespräch endet mit Überlegungen zum Gaskrieg und der kreatürlichen Angst, die er bei den Betroffenen auslöst. Darauf angesprochen, was er von seinem Japanbesuch mitnimmt, berichtet Müller von der imponierenden Fülle an Schriftzeichen in der japanischen Sprache."
"101","News & Stories","6.16.1997","0:24:15","","","The Poet as Metaphor Slingshot"," Dichter als Metaphernschleuder","100 Minutes with Heiner Müller","100 Minuten mit Heiner Müller","The point of departure for this discussion is the question of whether the collapse of the Soviet Union is dramatic material. Müller answers with this Brechtian sentence: ""Oil resists the five acts."" He describes how difficult it is to make a dramatic adaptation of structures or massive processes that are not bound to biographies. A discussion of Müller's current project, an adaptation of the Medea story, brings the conversation back to the collapse of the Soviet Union. Müller and Kluge reflect on the political and cultural transformation processes that characterize the Soviet Union: the ambitions for autonomy of the regions, the fading of the political utopia of socialism, and white-collar crime. At the end the discussion turns to a story by Makavejev that Müller finds interesting. The tragedy sketch ""The Guest Worker"" describes the return of a family father in Germany to Croatia, where he murders his family and returns to Germany. In conclusion, Müller reports on his mental preconditions for writing plays, his necessary ""self-induced hysteria"".  ","Ausgangspunkt des Gesprächs ist die Frage, ob der Zerfall der Sowjetunion ein dramatischer Stoff ist. Müller antwortet mit dem Brechtschen Satz, ""Das Erdöl sträubt sich gegen die fünf Akte"". Er beschreibt die Schwierigkeit, Strukturen oder massenhafte Vorgänge, die nicht an Biografien gebunden sind, dramatisch umzusetzen. Über Müllers aktuelles Projekt, die Bearbeitung der Medea-Geschichte, kommt das Gespräch zurück auf den Zerfall der Sowjetunion. Müller und Kluge reflektieren die politischen und kulturellen Transformationsprozesse, die die Sowjetunion prägen: Die Autonomiebestrebungen der Regionen, das Auslöschen der politischen Utopie des Sozialismus, die Wirtschaftskriminalität. Zum Schluß wendet sich das Gespräch zunächst einer Geschichte von Makavejev zu, die Müller interessiert. Die Skizze einer Tragödie ""Der Gastarbeiter"" beschreibt die Rückkehr eines Familienvaters aus der BRD nach Kroatien, wo er seine Familie ermordet und nach Deutschland zurückkehrt. Abschließend berichtet Müller von seiner mentalen Vorraussetzung, um Stücke schreiben zu können, seine notwendige ""Selbsthysterisierung"". "
"102","Primetime","3.21.1993","0:15:12","","","The Last of the Mohicans"," Der letzte Mohikaner","Fidel Castro and his Republic","Fidel Castro und seine Republik","<P> A news magazine program on important aspects of the history of postrevolutionary Cuba, consisting of two documentary film sequences about Castro and two interview sequences with Heiner Müller. Castro speaks about his experiences in the revolution and about Che Guevara; he has himself filmed during the furnishing of a simple house. Heiner Müller, smoking, laments the decline in the quality of the ""Davidoff"" cigar following the American economic boycott against Cuba. He explains the quasi-religious nature of the half-African population's propagandistically maintained veneration for Castro, but also points out that Cuba is the only Third World country without illiteracy and that it is ""a paradise for children."" Like Max Hölz (1889-1933), Castro, according to Müller, is a Robin Hood figure, who does not lose the favor of the people even when he is less than fastidious in his dealings with the law. </P> ","<P>  Ein Magazin über wesentliche Apekte der Geschichte des nachrevolutionären Kubas, das aus zwei dokumentarischen Filmsequenzen über Castro und aus zwei Interviewsequenzen mit Heiner Müller besteht. Castro spricht über Revolutionserfahrungen und Che Guevara, er läßt sich beim Möblieren eines einfachen Hauses filmen.Heiner Müller, rauchend, bedauert den Qualitätsverfall der ""Davidoff"" infolge des amerikanischen Wirtschaftsboykotts gegen Kuba. Er erläutert die quasireligiöse, propagandistisch wachgehaltene Verehrung der halbafrikanischen Bevölkerung für Castro, weist aber auch darauf hin, daß Kuba das einzige Dritte-Welt-Land ohne Analphabetismus und ein ""Paradies für Kinder“ sei. Wie Max Hölz (1889 – 1933) sei Castro eine Robin-Hood-Figur, der die Zuneigung des Volkes auch dann nicht verliere, wenn er es mit dem Gesetz nicht so genau nehme. </P> "
"103","Ten to Eleven","4.26.1993","0:24:09","","","The Death of Seneca"," Der Tod des Seneca","","","<P> Citing Nietzsche, Müller describes the motive of the philologist as ""greed,"" ""simply wanting to have everything, grasp everything, know everything."" This ""hunger"" distinguishes the artist, but has become lost in modern art, which is so boring now because it has only ""appetite."" Müller is interested in two things about Seneca, the teacher of Nero who was enriched in the shadows of power: his morbid hedonism and his ability to dispose of his own life without fear, which was possible in the Roman tradition that did not have an afterlife. Theodor Mommsen suggests that the ""villain"" Nero, who had no ambition and loved the arts, probably had the happiest reign that the Roman people had ever known. Seneca's afterlife has two roots. First, his adaptations of the Greek dramas bring cruelty onto the stage and thus influence Elizabethan theater. Secondly, Tacitus' precise description of the suicide of Seneca as painful and protracted contributed to the topos of the failed teacher of the prince in German literature in the 18th century, which persisted into the 20th century as a specifically German illusion.</P><P>At the end Heiner Müller reads his poem ""The Death of Seneca"" [""The Death of Seneca""], followed by the poem ""Orpheus plowed"" [""Orpheus gepflügt""]. </P>","<P> Mit Nietzsche bestimmt Müller das Motiv des Philologen als ""Gier"", ""einfach alles haben wollen, alles greifen, alles wissen wollen"". Dieser ""Hunger"" zeichnet auch den Künstler aus, sei aber der modernen Kunst abhanden gekommen, die lediglich noch ""Appetit"" habe und darum so langweilig sei.An Seneca, dem Lehrer Neros, der sich im Schatten der Macht bereicherte, interessiert Müller zweierlei: die morbide Genußsucht und die in der jenseitsfreien  römischen Tradition vorhandene angstlose Verfügbarkeit über das eigene Leben. Noch seinen eigenen Tod inszeniert Seneca genießerisch mit der Absicht auf Nachruhm. Vom ""Bösewicht"" Nero, der militärisch unambitioniert und Kunstliebhaber war, sagt Theodor Mommsen, seine Regierungszeit sei vermutlich die glücklichste gewesen, die die römische Bevölkerung erlebt habe. Senecas Nachleben hat zwei Wurzeln: seine Bearbeitungen der griechischen Dramen bringen die Grausamkeiten auf die Bühne und beeinflussen damit das elisabethanische Theater. Zum andern trägt Tacitus' präzise Beschreibung vom Selbstmord des Seneca als schmerzhaft und langwierig zum Topos des scheiternden Fürstenerziehers in der deutschen Literatur im 18. Jahrhundert bei, der als eine spezifisch deutsche Illusion bis ins 20. Jahrhundert fortlebt. </P><P> Heiner Müller liest zum Schluß sein Gedicht Der Tod des Seneca vor, gefolgt von dem Gedicht Orpheus gepflügt.</P>"
"104","News & Stories","3.27.1995","0:45:11","","","The Voice of the Playwright"," Die Stimme des Dramatikers ","Postoperative Texts by Heiner Müller","Postoperative Texte von Heiner Müller","One of Müllers's vocal cords was paralyzed as a result of a life-saving radical operation (1995). At the beginning of the discussion Müller observes that figures from Greek mythology live on today as trademarks for products (Ajax as a cleaning agent, Polydor as a record). After that Kluge brings up various lines from Müller's poetry in a seemingly random way, followed by an interpretation of the poetic text: Berlin - the capital city of unreality, Hitler and Stalin, the Peasant Wars, Müller's self-description as a dinosaur, the tabloid as a medium of tragedy, Faust, Althusser,  monuments, the Russian writer Fadeew. In between these discussions Müller reads his poem ""AJAX, for example."" The discussion ends with Müller's attempts at rehabilitation after the operation. He is training his voice with the help of a speech therapist. He wants to resume his work at the Berlin Ensemble only after he is able to speak loudly again.","Infolge einer lebensrettenden Radikaloperation (1995) ist eines von Müllers Stimmbändern gelähmt. Das Gespräch behandelt Müllers Lyrik, die er vor und nach der Operation geschrieben hat. Zu Beginn des Gesprächs stellt Müller zunächst fest, dass griechische Mythenfiguren als Markenzeichen für Produkte (Ajax als Waschmittel, Polydor als Schallplatte) bis heute überleben. Danach werden in scheinbar zufälliger Weise verschiedene Verse Müllers von Kluge ins Gespräch gebracht, an die sich eine Interpretation des poetischen Textes anschließt: Berlin - die ""unwirkliche"" Hauptstadt Deutschlands, Hitler und Stalin, die Bauernkriege, Müllers Selbstbezeichnung als Saurier, die Bildzeitung als Medium der Tragödie, Faust, Althusser, Denkmäler, der russische Schriftsteller Fadejew. Zwischendurch rezitiert Müller sein Gedicht ""????"". Das Gespräch endet bei Müllers Rehabilitationsbemühungen nach der Operation: er trainiert seine Stimme mit Hilfe einer Logopädin, erst wenn es ihm gelingt laut zu sprechen, möchte er seine Arbeit im Berliner Ensemble wieder aufnehmen."
"105","Ten to Eleven","11.21.1994","0:24:10","","","The World is Not Bad, but Full"," Die Welt ist nicht schlecht","Conversation with Heiner Müller","Gespräch mit Heiner Müller","<P> The central topic of the interview is the ancient concept of a necessary balance between the dead and the living, which also assumes the notion of a constant potential for force in the world. Müller and Kluge examine this mythical conception of life with reference to personal, historical, and political examples like the father-daughter relationship (Agamemnon and/or Müller himself), East Germans' hopes of finding a place in capitalism, or violence in the middle ages and in the modern period. </P> <P> Müller then reports on a visit by Ryszard Kapuscinski to the Berliner Ensemble. The text he read there dealt with the fact that the thick fog caused by the frost in Siberia retains the contours of the people who have walked through it for a while. Kapuscinski gathers his information (""the best texts about Central Asia"") by traveling through Russia as if in a ""web,"" a living, informational network of relationships. According to Müller, a version of the mythical balance between the dead and the living holds for Russia as well: The Russian soil is considered holy because of the dead who lie in it. Russian identity is nourished by defensive wars. </P> <P> In wars of conquest such as the crusades, by contrast, force becomes dispersed in space and weakens.  Reality is essentially neither matter nor energy, but rather, as in the theory of the strong interaction, ""topography"": It is places that are real. Assuming that ""everyone has his or her place,"" who, Müller asks, is ""everyone?"" If Imoneo is destined to die, but is rescued, then, according to Müller, he ""owes the world a dead person.""  These reflections on the reality of places and time-places lead to a designation of the writer as a ""surveyor.""</P> ","<P> Der zentrale Gedanke des Gesprächs ist die antike Auffassung eines notwendigen Gleichgewichts zwischen Toten und Lebendigen, die auch mit der Vorstellung eines gleichbleibenden Gewaltpotentials in der Welt einhergeht. Müller und Kluge prüfen an verschiedenen Stellen des Gesprächs dieses mythische Lebensgefühl an persönlichen, historischen und politischen Beispielen wie dem Vater-Tochter-Verhältnis (Agamemnon bzw. Müller selbst), der Hoffnung der DDR-Bürger auf einen Platz im Kapitalismus oder der Gewalt in Mittelalter und Neuzeit. </P> <P> Müller berichtet dann von einem Besuch Ryszard Kapuscinkis im Berliner Ensemble. Der Text, den er dort vorlas, erzählt davon, daß der dichte sibirische Frostnebel die Konturen der Menschen für eine Weile festhält, die durch ihn hindurchgegangen sind. Kapusczinskis gewinnt seine Informationen (""die besten Texte über Mittelasien"") dadurch, daß er wie in einem ""Gewebe"", einem lebendigen informellen Beziehungsnetz durch Rußland reisen kann. Für Rußland gilt nach Müller auch eine Variante der mythischen Balance zwischen Toten und Lebenden, der russische Boden werde ""heilig, durch die Toten, die darin liegen."" Die russische Identität speist sich aus Verteidigungskriegen.</P> <P> Für Eroberungskriege wie die Kreuzzüge gilt dagegen, daß sich die Gewalt im Raum verteilt und abschwächt. Realität ist wesentlich nicht Materie oder Energie, sondern, wie in der Theorie der starken Wechselwirkung, ""Topographie"", real sind Orte. Angenommen, ""ein jeglicher habe seinen Platz"", wer, so fragt Müller, ist aber dann ""ein jeglicher""? Wenn Idomeneo zum Tode bestimmt ist, aber gerettet wird, dann, so Müller, ""schulde"" er ""der Welt einen Toten"". Diese Überlegungen über die Wirklichkeit der Plätze und Zeitorte münden in der Bestimmung des Schriftstellers als eines ""Landvermessers"". </P> "
"106","News & Stories","3.18.1996","0:45:06","","","Epic Theater and Post-heroic Management"," Episches Theater","Conversation with Heiner Müller","Gespräch mit Heiner Müller","The discussion begins with the parable of a frog in boiling water. It comes from the book ""Post-heroic Management: A Manual"" by Dirk Baecker, which is what Heiner Müller is currently reading at the time of the discussion. Kluge and Müller are interested in the guidelines and recommendations for the leadership of enterprises and groups, and in organization of work, hierarchies, and team building. As the discussion continues, they ask each other about artistic possibilities of such epic material. They talk about different artistic attempts to dramatize apparently impossible textual material (drama in the Third Reich, Malaparte's ""Capital""), which leads to a discussion of the unusual form of Japanese theater, Bunraku. In Bunraku plays, song and narrator are not bundled in the person of the actor, but are rather distributed among several people. The discussion turns to the Berlin Ensemble and Brecht's ideas about theater. During his artistic production Brecht tried to ""tap into"" parallel forms of theater. Kluge and Müller point out that there are management courses in which theater is performed and also economic principles of organization that are integrated into theater. Like Brecht, Müller and Kluge are interested in testing the limits of theater. The functions of Brechtian theater are discussed in terms of the following aspects: theater as the investigation of real conditions, theater as the repair shop for older material. Müller complains about the compulsion to produce repertoire performances in the theater. In the last part of the discussion they reflect on Müller's own literary production: his works ""Germania"" and ""Reich Chancellor Pop."" They also discuss the relationship between the theater and the circus. ","Mit der Parabel vom Frosch im kochenden Wasser, beginnt das Gespräch. Sie entstammt dem Buch ""Postheroisches Management. Ein Vademecum"" von Dirk Baecker, das die aktuelle Lektüre von Heiner Müller zum Zeitpunkt des Gesprächs ist. Kluge und Müller interessieren sich für die Richtlinien und Empfehlungen zur Führung von Unternehmen und Gruppen, für die Arbeitsorganisation, Hierarchien und Teambuilding. Im weiteren Verlauf des Gesprächs, fragen sie sich nach der künstlerischen Umsetzbarkeit eines solchen epischen Stoffes. Über die Reflektion verschiedener künstlerischer Versuche, scheinbar unmögliche Textvorlagen zu dramatisieren (Dramen im Dritten Reich, Malapartes ""Das Kapital""), gelangen Müller und Kluge zur kuriosen Form des japanischen Theaters, dem Bunraku. Hier werden Spiel, Gesang, Erzähler nicht in der Person des Schauspielers gebündelt, sondern auf mehrere Personen verteilt.Das Gespräch wendet sich dann dem Berliner Ensemble und Brechts Vorstellungen von Theater zu. Brecht hat während seines künstlerischen Schaffens versucht, parallele Formen des Theaters ""anzuzapfen"". Kluge und Müller verweisen auf Managementkurse in denen Theater gespielt wird und umgekehrt ökonomische Organisationsprinzipien in das Theater integriert werden. Ihnen geht es wie Brecht darum, die Grenzen des Theaters auszuloten. Im folgenden werden die Funktionen des Brechtschen Theaters anfesprochen: Theater als Erforschung der wirklichen Verhältnisse, Theater als Reparaturwerkstätte älteren dramatischen Stoffes. Müller beklagt sich über den aktuellen Repertoirezwang des Theaters. Im letzten Teil des Gesprächs wird Müllers eigenes literarisches Schaffen reflektiert: Seine Werke ""Germania"" und ""Reichskanzlerpop"". Das Verhältnis von Theater und Zirkus."
"107","Primetime","03.29.1992","0:16:22","0:01:05","","Frederick of Prussia"," Friedrich von Preußen","""A murdered Mozart""","""Ein ermordeter Mozart""","<P> Kluge here presents a portrait of Friedrich the Great by means of quotations, film clips, historical images, and film documents. The program is a contribution to a public discussion about the role of the Prussian king in German and European history that unfolded after the transfer of the Hohenzollern sarcophagi in 1991. The excerpt of an interview with Heiner Müller lasts 2:50 minutes. </P>  <P> Müller calls Friedrich a ""murdered Mozart,"" the only intellectual among the German rulers, and a source of dramatic material. He also talks about his play Gundling. An excerpt from an interview between Günter Gaus and Hans Bentzien, the former culture minister of the GDR, deals with the rescue of the Friedrich monument on Unter den Linden after 1945. </P> ","<P> Kluge porträtiert hier Friedrich den Großen in Zitaten, Filmausschnitten, historischen Bildern und Filmdokumenten. Die Sendung ist ein Beitrag zu einer öffentlichen Diskussion über die Rolle des Preußenkönigs in der deutschen und europäischen Geschichte, die sich nach der Überführung der Hohenzollernsarkophage 1991 entspann. Heiner Müllers Interviewausschnitt dauert 2:50 Minuten.Er nennt Friedrich einen ""ermordeten Mozart“, den einzigen Intellktuellen unter den deutschen Herrschern, eine Quelle der Dramatik und spricht über sein Stück Gundling. </P> <P> Ein Ausschnitt aus einem Interview zwischen Günter Gaus und Hans Bentzien, dem ehemaligen Kulturminister der DDR handelt von der Rettung des Friedrich-Denkmals Unter den Linden nach 1945. </P> "
"108","Ten to Eleven","3.8.1993","0:25:22","00:01:12","00:25:22","Mind, Power, Castration"," Geist, Macht, Kastration","","","<p>Here Müller and Kluge explicitly address a theme that is latently present in many of their conversations: the relation of intellectuals to reigning political power. Given his many writings on Frederick the Great, it is not surprising that Müller begins the discussion with the “love-hate” relationship between the 18th Century Prussian King and the French Philosopher Voltaire. Moving to the 20th Century, the conversation then focuses for the most part on intellectuals and their relationship to totalitarian regimes. An initial sketch of an encounter between the Russian writer Maxim Gorky and Vladimir Lenin in the post-revolutionary Soviet Union segues into a treatment of the German writer Ernst Jünger in the Third Reich (1933-1945). Müller follows this up with remarks about the importance of Jünger for his own thinking as a writer before and after the founding of the German Democratic Republic. The final section of the interview revolves around  the playwright Bertolt Brecht and his role as a critical intellectual/artist in the early days of the GDR that concludes in turn with an intriguing exchange between Müller and Kluge on the potential of theater to resist the “acceleration of time.” </p>","<P> Müller und Kluge wenden sich hier einem Thema zu, das in vielen Gesprächen latent vorhanden ist: dem Verhältnis von Intellektuellen und Macht. Bei seinen vielen Texten über Friedrich den Großen ist es nicht überraschend, dass Müller das Gespräch mit der Hassliebe zwischen dem Preußenkönig des 18. Jahrhunderts und Voltaire eröffnet. Das Gespräch wendet sich dann dem 20. Jahrhundert zu und konzentriert sich größtenteils auf das Verhältnis von Inttellektuellen zu totalitären Regimes. Einer anfänglichen Skizze einer Begegnung zwischen dem russischen Schriftsteller Maxim Gorki und Wladimir I. Lenin in der nachrevolutionären Sowjetunion folgt das Beispiel Ernst Jüngers im Dritten Reich. Müller beschreibt dann die Bedeutung Jüngers für sein eigenes Denken als Schriftsteller vor und nach der Gründung der DDR. Der letzte Abschnitt  des Interviews dreht sich um den Dramatiker Bertolt Brecht und seine Rolle als kritischer Intellektueller / Künstler in den frühen Tagen der DDR und führt dann zu einem fesselnden Austausch zwischen Müller und Kluge über die Möglichkeit des Theaters der ""Beschleunigung der Zeit“ Widerstand zu leisten. </P>"
"109","News & Stories","7.2.1990","0:45:17","","","Conversation with Heiner Müller"," Gespräch mit Heiner Müller","The Garath Conversation","Das Garather-Gespräch ","<P> In 1989, Heiner Müller staged an unabridged seven-and-a-half hour Hamlet, because in the process of German reunification ""a leave-taking from the Hamlet principle in favor of the market economy"" was taking place. In this interview, he elaborates on the parallels between the play and contemporary reality in terms of the plot and the characters (for example, Günter Schabowski as well as the problematic role of Fortinbras). </P> <P>Asked about his behavior during the many interviews that Müller gave following the fall of the Wall, the conversation turns to the demonstration of November 11, 1989, on the Alexanderplatz. Through an exact description of the circumstances of this day (weather, toilets, the sequence of speakers, the sound system), Müller, who, in the role of a ""messenger,"" read a resolution aloud, characterizes the crowd as something animalistic for which he was no match, but over which he also felt his power. </P> <P> Towards the end of the interview, Müller returns to the topic of his previously-discussed understanding of art: Art arises through ""acceptance without taboos."" For this reason, art is not ""humane,"" and it is only authentic when it resists the sentimentalization demanded by a pluralistic society. The claim that ""there is no argument against Auschwitz"" is to be understood in this context as an example of art's necessarily off-putting means of expression. In response to Kluge's question about the revolutionary character of the reunification, Müller, aligning himself with Benjamin, emphasizes that revolutions have the function of putting the brakes on history. </P>","<P> Heiner Müller inszenierte 1989 am Berliner Ensemble einen ungekürzten siebeneinhalbstündigenHamlet, weil sich in der deutschen Wiedervereinigung ""die Verabschiedung des Prinzips Hamlet zugunsten der freien Marktwirtschaft"" vollzöge. Er vertieft in diesem Gespräch die Parallelität zwischen dem Stück und der aktuellen Wirklichkeit am Beispiel der Handlung und der Figuren (z.B. Günter Schabowskis sowie der problematischen Rolle Fortinbras). </P> <P> Auf sein Verhalten bei den vielen Interviews befragt, die Müller nach dem Fall der Mauer gab, wendet sich das Gespräch der Kundgebung vom 4. 11. 1989 auf dem Alexanderplatz zu. Im Verlauf der genauen Beschreibung der Umstände an diesem Tag (Wetter, Toiletten, Abfolge der Redner, Lautsprecheranlage) charakterisiert Müller, der als ""Botschafter"" eine Resolution verlas, die Menschenmenge als etwas Tierisches, dem er nicht gewachsen ist und über das er zugleich seine Macht spürt. </P> <P> Gegen Ende des Gesprächs kommt Müller noch einmal auf sein zuvor schon angesprochenes Verständnis von Kunst zurück: Kunst entsteht aus ""Einverständnis ohne Tabu"". Darum ist sie auch nicht ""human"", und authentisch nur, wenn sie der von der pluralistischen Gesellschaft geforderten Sentimentalisierung widerstehe. Der Satz, daß es ""gegen Auschwitz kein Argument"" gäbe, ist in diesem Zusammenhang der zwangsläufig befremdlichen Ausdrucksmittel von Kunst zu verstehen. Auf Kluges Frage nach dem revolutionären Charakter der Wiedervereinigung hebt Müller im Anschluß an Benjamin den historischen Bremscharakter von Revolutionen hervor. </P>"
"110","News & Stories","01.29.1996","0:45:19","","","Heiner Müller in Time Flight"," Heiner Müller im Zeitenflug","Contemporary Relevance of Ovid’s Metamorphosis","Aktualität von Ovids Metamorphosen ","<P>Müller describes Ovid's Metamorphoses, Golding's translation of which (1603) was one of Shakespeare's sources, as an encyclopedia of the Greek myths, its dramatic central theme being the transformation of human beings into animals, plants, stones---either as a punishment or out of a need to escape. Ovid, who is considered a gallant author, is nonetheless cruel. The Maenads cannot kill the fleeing Orpheus with the natural objects about which he sang. It is only with peasant work implements, about which he never sang, that he can be killed. Only by screaming does the satyr Marsyas, who had been defeated by the deceitful Apollo in a musical competition and subsequently skinned, silence all music. These metaphors from Ovid are still relevant in the present, Müller says. From across the generations, Ovid provides a balance sheet of the anguish involved in founding a civilization. At best, the process of metamorphosis can be understood as a form of ""consolation."" This still links Ovid to Kafka and Brecht, who once expressed the desire to be transformed into ""un-threatenable dust."" </P><P>The fall of Troy has diverse consequences. The Celts and Etruscans, perhaps aware of the Trojan experience, never again found a state. Aeneas, by contrast, having escaped from Troy, founds the super-state Rome. Müller says that he, for his part, needs the state as a frame that he can oppose through the art of writing. He claims to have a passive, feminine way of reacting, which is the opposite of the mentality of a military commander founding a state. In contrast to Troy, the domestication of women was the precondition for the founding of the Roman state. If this question, symbolized in the image of the theft of Helen, was the meaning of the Trojan War, then modern wars, by contrast, have lost all meaning. Müller answers Kluge's question of why the Socialist International wasn't able to prevent the First World War by pointing to the emergence of the Prussian-German military machine after 1848. The alliance of Junkers, the military, and the bourgeoisie also incorporated proletarian energies, a process that was flanked by the social insurance system. This was how the special, German enthusiasm for war was able to erupt as an illusion of freedom.  Müller here cites Karl Korsch's definition of Blitzkrieg as ""bundled leftist energy,"" coined on the occasion of the German invasion of Greece in 1941. Müller attributes the lower level of brutality that characterized the German conquest of Greece to inhibitions arising out of German classicism. In response to Kluge's fanciful attempt to imagine Klages, Heidegger, and German schoolmasters being ordered to Greece in the wake of the German troops, armed with the mentality of academic founders, Müller speculates that they perhaps would not have discovered the purified classical-Roman beauty of Winkelmann, but rather, like Goethe in Sicily, would have had to recognize the monstrous, Asiatic qualities of antiquity. </P><P> Asked about his efforts to create an ""authentic expression of the East"" in his theater, Müller points to the close ties between Prussia and Russia. ""Prussianness"" for Müller is less a structure than a movement; Heinrich von Kleist, for instance, was as nomadic as a Mongol. </P><P> Müller's reading of the poem ""Orpheus gepfluegt"" introduces the concluding portion of the interview. If one considers long stretches of the succession of generations and takes them as a unit, Kluge says, then death loses its reality, it flows right through the species. Müller counters this by saying that it is important, nonetheless, to keep memories alive, and that one form of remembrance is writing. </P>","<P> Ovids Metamorphosen, deren Übersetzung durch Golding (1603) eine Quelle für Shakespeare war, bezeichnet Müller als ein Lexikon der griechischen Mythen mit dem theatralischen Hauptmotiv der Verwandlung von Menschen in Tiere, Pflanzen, Steine - zur Strafe oder aus einem Fluchtbedürfnis Ovid, der als galanter Autor gilt, ist trotzdem grausam. Orpheus, auf der Flucht, kann von den Mänaden nicht umgebracht werden mit natürlichen Gegenständen, die er besungen hat. Erst bäuerliche Arbeitsinstrumente, die er nicht besang, vermögen ihm den Tod zu bringen. Der dem betrügerischen Apoll im musikalischen Wettstreit unterlegene und von diesem gehäutete Satyr Marsyas bringt erst durch seinen Schrei alle Musik zum Verstummen. Diese Metaphorik Ovids, so Müller, sei immer noch aktuell. Über die Generationen hinweg werden von Ovid die Kosten der Angst bilanziert, die bei der Gründung von Zivilisation entstehen. Als eine Form von ""Tröstung"" kann dabei allenfalls die Verwandlung verstanden werden. Das verbinde Ovid noch mit Kafka und Brecht, der sich einmal die Verwandlung ""in unbedrohbaren Staub"" wünscht.  </P> <P> Der Untergang Trojas hat unterschiedliche Folgen. Kelten und Etrusker, vielleicht im Besitz der trojanischen ERfahrung, gründen nie wieder einen Staat, der entkommene Änäas dagegen den Superstaat Rom. Er selbst, sagt Müller, brauche den Staat als Rahmen, gegen den er durch die Kunst des Schreibens opponieren kann. Er attestiert sich eine passive, weibliche Reaktionsweise, die im Gegensatz zu der Gründungsmentalität eines Feldherrn steht. Im Unterschied zu Troja war die Domestizierung der Frau die Voraussetzung für die Staatsgründung Roms. Wenn diese Frage, verdichtet im Bild vom Raub der Helena, der Sinn des trojanischen Krieges war, so ist den modernen Kriegen jeder Sinn abhanden gekommen. Kluges Frage, warum die sozialistische Internationale eigentlich nicht den ersten Weltkrieg verhindern konnte, beantwortet Müller mit dem Hinweis auf die Entstehung der preußisch-deutschen Militärmaschine nach 1848. Die Allianz von Junkern, Militär und Bürgertum bündelte auch proletarische Energien, ein Vorgang, der durch die Sozialversicherung flankiert wurde. So konnte die besondere, deutsche Kriegsbegeisterung als eine Freiheitsillusion  aufbrechen. Müller zitiert hierzu Karl Korschs auf den deutschen Überfall auf Griechenland (1941) gemünzte Definition des Blitzkriegs als ""gebündelte linke Energie"". In der vergleichsweise geringeren Grausamkeit der deutschen Eroberung Griechenlands erkennt Müller Hemmungen, die aus der deutschen Klassik stammen. Auf die phantastische Vorstellung Kluges, Heidegger und deutsche Studienräte wären im Gefolge der deutschen Truppen nach Griechenland beordert worden, gewissermaßen mit wissenschaftlichem Gründergeist bewaffnet, vermutet Müller, sie hätten dort vielleicht gar nicht die gereinigte klassisch-römische Schönheit Winckelmanns entdeckt, sondern vielmehr, wie Goethe in Sizilien, das  Monströse, Asiatische der Antike erkennen müssen.  </P> <P> Auf sein Bemühen befragt, im Theater einen ""authentischen Ausdruck des Ostens"" herzustellen, verweist Müller auf die enge Verbundenheit zwischen Preußen und Russland. Das Preußische sei weniger eine Struktur als eine Bewegung, so sei z.B. Heinrich von Kleist so ortlos wie ein Mongole. </P> <P> Den Schluss des Gesprächs leitet Heiner Müllers Lesung des Gedichts Orpheus gepflügt ein. Wenn man längere Strecken der Generationenfolge betrachtet und als eine Einheit nimmt, so Kluge, dann verliere der Tod an Realitätsgehalt, er fließe dann nur durch die Gattung hindurch. Wichtig dabei, entgegnet Müller, sei aber das Wachhalten der Erinnerung, und eine Erinnerungsform sei eben das Schreiben.</P>"
"111","Ten to Eleven","10.22.1990","0:24:15","","","Heiner Müller on Legal Questions"," Heiner Muller über Rechtsfragen ","On the occasion of the Kleist Prize 1990","Zum Kleist-Preis 1990","<P> ""The metaphor is cleverer than the author"" (Lichtenberg), a ""screen,"" an ""instrument for bundling"" (Müller), because ""everything changes so much"" (Gertrude Stein) - Müller explicates these functions of figurative language with reference to the use of metaphors in Shakespeare. This use of metaphor corresponds to the acceleration of the Elizabethan age (the second half of the sixteenth century), the consolidation of which compels Shakespeare to use an allegorizing language in his last plays. </P><P> Müller's ""dramatic texts"" The Road to Volokolamsk I-V (1984-88) rely on the novel of the same name by Aleksandr Bek, which addresses ""legal questions"" for the first time in Russian literature.  The conversation now revolves around the question of how law comes into being (in Russian society), with examples from texts by Müller and historical-anecdotal illustrations.  Three legal questions receive special attention: the protection of soldiers from their superiors, the demotion of a higher-ranking officer by a lower ranking officer, and the question of the extent to which a state has the right to defer the needs of its population in the interests of pursuing a military strategy. Kluge's attempt to explore the origins of law more precisely by referring to the diverse expressions for ""Gewalt"" (violence, force, power) in Latin is ultimately evaded by Müller, who says: ""I think that I'm not allowed to think about this topic, I have to write about it."" </P><P> In the last part of the interview, Müller uses two examples (Kleist's Foundling and a similar incident that actually occurred in the GDR) to emphasize the ability of metaphors to represent the past, the present, and the future simultaneously.  </P>","<P> ""Die Metapher ist klüger als der Autor"" (Lichtenberg), eine ""Sichtblende"", ein ""Bündelungsinstrument"" (Müller), denn ""es bewegt sich alles so sehr"" (Gertrude Stein) -  diese Funktionen des bildlichen Redens erläutert Müller an der Metaphorik Shakespeares. Sie korrespondiert mit mit der Beschleunigung des elisabethanischen Zeitalters (2. Hälfte des 16. Jahrhunderts), dessen Konsoli-dierung ihn in den letzten Stücken zu einer allegorisierenden Sprache treibt. </P><P> Müllers ""dramatische Texte"" Woloko-lamsker Chaussee I-V (1984 - 88) leh-nen sich an Aleksandr Beks gleichnamigen Roman an, der in der russischen Literatur zum ersten Mal ""Rechtsfragen"" stellt. Das Gespräch kreist jetzt, am Beispiel von Müller Texten und historisch-anekdotischen Erläuterungen um die Frage, wie Recht (in der russischen Gesellschaft) entsteht. Speziell geht es dabei um drei Rechtsfragen: Schutz des Soldaten vor seinem Vorgesetzten, De-gradierung eines ranghöheren durch einen rangniederen Offizier, und die Frage, bis wann ein Staat das Recht hat, Bedürfnisse der Bevölkerung im Interesse einer Strategie zurückzustel-len. Kluges Versuch, mit dem Hinweis auf die Vielfalt von Ausdrücken  für ""Gewalt"" in der lateinischen Sprache der Entstehung des Rechts genauer nachzuforschen, weicht Müller schließlich mit dem Satz aus: ""Ich glaube, ich darf darüber nicht nachdenken, ich muss darüber schreiben"". </P><P> Im letzten Teil des Gesprächs hebt Müller an zwei Beispielen (Kleists Find-ling und einer ähnlichen wahren Bege-benheit aus der DDR) die Fähigkeit der Metapher hervor, Vergangenheit, Ge-genwart und Zukunft gleichzeitig darzu-stellen. </P>"
"112","Ten to Eleven","10.09.1995","0:24:11","","","Queen of Hearts on Judgment Day"," Herzkönigin am jüngsten Tag","Conversation with Heiner Müller about Patriotism","Gespräch mit Heiner Müller über Patriotismus","<P> The horizon of this conversation is marked by Müller's personal memories, reflections about ongoing themes in his work, thoughts about his current production and the nearness to death that has been brought by his illness. Müller's thoughts circle around the alliance between ""blindness"" and power, which shows itself in different ways in the Greek heroic figures, but which is also present in his own literary production. The concept of realism that Kluge brings into the discussion is inflected accordingly by Müller.  He claims that reality can only be seen when it is dismantled into  individual parts; ""submissiveness"" to so-called reality is a false  position. The unconventional, bold ideas that follow about how the  opera can be used to sabotage representational realism are linked to  Müller's experiences as the Wagner director in Bayreuth in the same year.  ­ Kluge asks Müller about the theme ""patriotism,"" taking a  Spiegel article which the poem ""Queen of Hearts on Judgment Day"" refers to as a point of departure. However, Müller does not take up the references to metaphors from his own texts ­the French revolution as a stranded ship­ but rather he closes the interview with a joke, whose punch line connects alcoholism and patriotism. Of all of the conversations, this one is the most associative. It jumps from one theme to another and circles around the above-named subjects rather than treating them one after another. The division into  sections distorts this. </P>","<P> Persönliche Erinnerungen Müllers, Reflexionen über dauerhafte Motive seiner Arbeit, Überlegungen zu seiner aktuellen Produktion, die Todesnähe, in die ihn seine Krankheit bringt, stecken den Horizont dieses Gespräches ab. Müllers Gedanken kreisen um das Bündnis von ""Blindheit“ und Kraft, das sich in den griechischen Heldengestalten unterschiedlich ausprägt, das aber auch in seiner eigenen literarischen Produktion vorhanden ist. Den von Kluge ins Gespräch gebrachten Realismus-Begriff wendet Müller entsprechend: sehen könne man Realität nur, wenn sie in Einzelteile zerlegt werde, ""Demut“ vor angeblicher Realität sei eine falsche Haltung. Die nun folgenden unkonventionellen, frechen Ideen, wie die Oper zur Sabotierung des Abbildrealismus verwendet werden könne, schließen an die Erfahrungen Müllers als Wagner-Regisseur in Bayreuth vom selben Jahr an. – Aus Anlaß eines Spiegel-Artikels, auf den das Gedicht Herzkönigin am Jüngsten Tag Bezug nimmt, befragt Kluge Müller zum Thema ""Patriotismus“. Die Hinweise auf Metaphern aus eigenen Texten – die Französischen Revolution als gestrandetes Schiff – nimmt Müller jedoch nicht auf, er beschließt das Interview mit einem Witz, dessen Pointe Alkoholismus und Patriotismus kurzschließt.Von allen Gesprächen ist dies das assoziativste, das von einem Thema zum anderen springt und die genannten Motive eher umkreist als nacheinander abhandelt. Die Einteilung in Abschnitte verzerrt das. </P>"
"113","Ten to Eleven","08.15.1994","0:24:10","","","I Owe the World a Dead Person"," Ich schulde der Welt einen Toten","",""," <P> In order to justify interpreting the Oresteia as a representation of the ""birth of democracy"" (P. Stein), one has to repress a lot, for example the sacrifice of Iphigenia or Elektra's feminist rebellion. The Oresteia represents an ""Egyptian"" material, situated between Europe and Asia, incomprehensible to both. That makes it interesting for a possible, currently necessary rapprochement between the two parts of the world. One would need, Müller says, to undertake a completely new translation, because in the existing ones the irrational elements have already been smoothed over. One example of this is Goethe's ""iambification"" of Iphigenia, which was originally written in prose, a process that ""pushes away and represses the barbarism."" Müller, who does not believe that he will live long enough to finish a completely new translation, is working on an opera libretto (Oresteia Digest) for Pierre Boulez, which condenses the material of the entire Oresteia by means of the ""stenographic medium"" of music. </P><P>  Starting with the example of the story of Idomeneo, who, having been rescued from drowning, murders the first person he encounters, the conversation turns to the differences between the ancient and the Christian, modern understandings of the world, differences that are especially evident in attitudes towards death and guilt. Ancient logic assigns every human being on earth his or her place. If an individual like Idomeneo escapes his appointed death, then he owes the world a dead person. If, however, in keeping with Christian-modern logic (original sin), everyone is guilty of everything, then no one is responsible for anything. And so, as Hegel writes, Oedipus would be completely innocent according to modern legal concepts. As a result, however, life becomes ""uninteresting"" and ""obscene"" according to Müller. Kluge poses the question of what counts as injustice in the twentieth century. According to Müller, the difference between Aeschylus's and Sophocles's Antigone can be demonstrated with reference to Reagan and Kohl's visit to Bitburg. As in Sophocles's play, this is a case of the state interfering with the dead. The only alternative, however, is to return to Aeschylus. An ""alliance of the guilty"" (Virilio) against the ""occupation"" of the realm of the dead by the representatives of the state is, for Müller, Europe's only hope. </P> ","<P> Um die Orestie als Darstellung der ""Geburt der Demokratie"" (P. Stein) zu rechtfertigen, muß man, sagt Heiner Müller, viel verdrängen, etwa die Opferung Iphigenies oder die weibliche Rebellion Elektras. Die Orestie stellt einen ""ägyptischen"" Stoff dar, angesiedelt zwischen Europa und Asien, unverständlich für beide. Das macht ihn für eine mögliche, aktuell notwendige Verständigung zwischen beiden Erdteilen interessant. Man müßte, sagt Müller, eine völlig neue Übersetzung anfertigen, weil in den vorhandenen bereits die vernünftige Glättung steckt. Das zeige z.B. die ""Jambifizierung"" der urprünglich in Prosa geschriebenen Iphigenie durch Goethe, die die ""Barbarei wegdrückt"". Müller, der nicht glaubt, daß sein Leben ausreicht, eine vollständige Übersetzung anzufertigen, arbeitet an einem Opern-Libretto (""Orestie-Digest"") für Pierre Boulez, das den gesamten Stoff der Orestie auch mit den ""stenographischen"" Mitteln der Musik verdichtet. </P><P>  Am Beispiel der Geschichte des Idomeneo, der aus der Seenot gerettet, den ersten Menschen, der ihm begegnet, ermordet, wendet sich das Gespräch den Unterschieden des antiken und des christlichen, modernen Weltbildes zu, die sich besonders in der Haltung zu Tod und Schuld zeigen. Die antike Logik weist jedem Menschen auf der Erde seinen Platz zu. Entzieht sich einer wie Idomeneo seiner Todesbestimmung, dann schuldet er der Welt einen Toten. Wenn aber nach christlich-moderner Logik (der Erbsünde) jeder an allem schuld ist, dann sind alle für nichts verantwortlich. Und so wäre Ödipus, wie Hegel schreibt, nach modernen Rechtsbegriffen völlig unschuldig. Damit wird aber nach Müller ""das Leben uninteressant"" und ""obszön"".  Kluge stellt die Frage, was dann im 20. Jahrhundert Unrecht bedeute. Am Besuch Reagans und Kohls in Bitburg, so Müller, zeige sich der Unterschied zwischen Äschylos' und Sophokles' Antigone. Wie bei Sophokles ""greift"" hier der Staat nach den Toten. Es gebe aber keinen anderen Weg als den zurück zu Äschylos. Eine ""Allianz der Schuldigen"" (Virilio) sei gegen die staatlich-repräsentative ?Besetzung"" des Totenreichs die einzige Chance für Europa. </P> "
"114","Primetime","01.23.1994","0:16:39","0:01:25","","Under the Sign of Mars"," Im Zeichen des Mars","Character Armor and Mobile War","Charakterpanzer und Bewegungskrieg","<P> This ""music magazine"" is a montage of visually alienated historical film clips of tanks and soldiers (First and Second World War), pictorial reminiscences of Russian avant-garde art, and excerpts of interviews with Heiner Müller accompanied by heavy metal music (the ""death & grind"" music of the groups Abhorrence, Acrostichon, Toxaemia, and Disgrace). </P> <P> Müller attributes his own fascination with tanks to a subjective need for armor and to the appeal of speed. He first came into contact with tanks as a young ""werewolf"" who learned to operate a bazooka at the end of the Second World War. Müller defines tanks as ""speed, protection, and imprisonment."" </P> <P> Asked for a literary analogy to the tank, Müller mentions Coriolan, Shakespeare's last tragedy. Brecht's adaptation of this material (1952/53) failed as a result of Brecht's lack of understanding for the fact that Coriolan's tank-like armor was ""cracked"" by one of his mother's speeches. ""Women do not need armor"" (Müller). The last five minutes of the program contain a montage of impressive pictures of historically significant tanks like the Little Willie (1916), the Mother (1917), the T 34, and the Tiger (among others), moving and in battle, accompanied by death & grind music.</P>","<P> Dieses ""Musikmagazin"" ist eine Montage aus optisch verfremdeten historischen Filmaufnahmen von Panzern und Soldaten (1. und 2. Weltkrieg), in Bewegung versetzten bildlichen Reminiszenzen russischer Avantgarde-Kunst, Interviewausschnitten mit Heiner Müller und Heavy-Metal-Musik (Death and Grind der Gruppen Abhorrence, Acrostichon, Toxaemia, Disgrace). </P> <P> Seine eigene Faszination an Panzern führt Müller auf das subjektive Bedürfnis nach Panzerung und den Reiz der Geschwindigkeit zurück. Er selbst ist nur als jugendlicher ""Werwolf"", der eine Panzerfaust bedienen lernte, Ende des zweiten Weltkriegs mit Panzern in Berührung gekommen. Panzer definiert Müller als ""Geschwindigkeit, Schutz und Gefängnis"".</P> <P> Nach einer literarischen Analogie zum Panzer befragt, nennt Müller den Coriolan, Shakespeares letzte Tragödie. Die Adaption des Stoffes durch Brecht (1952/53) ist an seinem Unverständnis dafür gescheitert, daß der ""Panzer"" Coriolan durch eine Rede seiner Mutter ""geknackt"" wird. ""Frauen brauchen keinen Panzer"" (Müller). Die letzten fünf Minuten des Magazins enthalten eine Montage beeindruckender Bilder von historisch bedeutsamen Panzern wie Little Willie (1916), Mutter (1917), T 34, Tiger u.a. in Bewegung und Gefecht, unterlegt mit Death and Grind. </P>"
"115","Ten to Eleven","06.10.1991","0:24:13","","","Every Frozen Structure has its Academy"," Jede gefrorene Struktur hat seine Akademie","","","At the time of the conversation Heiner Müller was the president of the Academy of Arts - East. At the beginning he describes his daily routine to Kluge. He is an unwilling president who has to lead an academy - which will soon be absorbed into a ""European Artists Society"" - at a time of upheaval.  As he is describing the only functional and innovative part of the academy, the ""Music Section"" that trains master's students, he starts talking about how he almost became a master's student of Brecht. In retrospect he is glad that he missed this chance and escaped Brecht's powerful influence, which took away the individual creative space of his collaborators. Müller describes how he got by with various jobs during his application period and afterwards in 1951: book reviewer, translator of Stalinist songs. When Kluge asks about the basic concept of an academy, the discussion returns to its starting point: Müller claims that the academy is a space that is free from the state. ","Heiner Müller ist zum Zeitpunkt des Gesprächs Präsident der Akademie der Künste - Ost. Zu Beginn schildert er Kluge seinen Tagesablauf. Er ist ein unwilliger Präsident, der eine Akademie im Umbruch leiten muss, die bald in einer ""Europäischen Künstlersozietät"" aufgehen wird. Über die einzig funktionierende und innovative ""Sektion Musik"" der Akademie, die Meisterschüler ausbildet, kommt Müller auf Brecht zu sprechen, dessen Meisterschüler er fast geworden wäre. Nachträglich ist er froh, diese Chance verpasst zu haben und so Brechts Sog entgangen zu sein, der seinen Mitarbeitern den individuell-kreativen Raum entzog. Müller berichtet, wie er sich während seiner Bewerbungsphase und danach im Jahr 1951 mit verschiedenen Jobs durchschlug: Rezensent von Büchern, Nachdichter von Stalinliedern. Auf die Frage Kluges, was eigentlich der Grundgedanke einer Akademie sei, kehrt das Gespräch zu seinem Ausgangspunkt zurück: Die Akademie sei eigentlich der staatsfreie Raum, meint Müller. "
"116","Ten to Eleven","02.20.1995","0:25:32","","","My Rendezvous with Death"," Mein Rendezvous mit dem Tod","Conversation with Heiner Müller after his Operation","Gespräch mit Heiner Müller nach seiner Operation","The title of the interview is from a line in a poem written by an American about the battle of Ypern in World War I: “My rendezvous with Death took place in a trench.” Müller begins the interview by narrating how he prepared himself, both mentally and physically, for his throat operation to remove a cancer. Here he provides detailed  descriptions of the nature and difficulties of such an operation; what was removed from the area of the esophagus; how he learned to make certain sounds again, to eat and swallow once more, etc. He compares learning to live without an esophagus as comparable to removing an elevator in a building and having to go up and down on the cables that once propelled  it. Müller compares his postoperative trauma with the collective shock experienced by the population of eastern Germany after the Russian invasion in 1945. He also mentions the importance for him of reciting  rhymed poetry as a way of dealing with postoperative pain while in the intensive care unit. Prose, he says, was not effective. Asked by Kluge whether this experience for a dramatist was a dramatic one, Müller allowed that it was not. The only interesting thing about it, he says, is the extent to which the body becomes an instrument or vehicle. In conclusion, Müller recites two poems that he wrote while in the intensive care unit. One of these is entitled ""Theater Death,"" in which an actor is depicted dying on the stage of an empty theater. ","Den Titel des Interviews bildet ein Vers eines Gedichts eines Amerikaners über die Schlacht von Ypern im Ersten Weltkrieg: “Mein Rendezvous mit dem Tod vollzog sich in einem Schützengraben.” Müller erzählt zu Beginn des Interviews, wie er sich mental und physisch auf die Operation zur Entfernung der Krebserkrankung seines Halses vorbereitete. Daraufhin liefert er detaillierte Beschreibungen über die Zusammenhänge und Schwierigkeiten einer solchen Operation: Welche Bereiche der Speiseröhre entfernt wurden, wie er bestimmte Töne neu erlernen musste, ebenso zu essen und zu schlucken, usw. Zu lernen ohne Speiseröhre zu leben, sei vergleichbar mit dem Entfernen eines Aufzuges aus einem Gebäude, infolgedessen man nur noch an den Antriebsseilen hinauf und hinab gelangen könne. Sein postoperatives Trauma vergleicht Müller mit dem kollektiven Schock, den die Bevölkerung Ostdeutschlands nach der russischen Invasion 1945 erlitten hatte. Darüber hinaus weist er darauf hin, dass Poesie zu rezitieren sein Weg war mit den postoperativen Schmerzen auf der Intensivstation umzugehen. Prosa sei nicht wirksam gewesen. Die Frage von Kluge, ob diese Erfahrung für ihn als Dramatiker eine dramatische gewesen sei, verneint Müller. Einzig das Ausmass dessen, wie der Körper zum Instrument oder Vehikel wird, sei interessant. Abschliessend trägt Müller zwei seiner Gedichte, die er in der Intensivstation geschrieben hat, vor. Eines trägt den Titel “Theater Tod”, worin ein Schauspieler sterbend auf einer leeren Theaterbühne dargestellt wird."
"117","Primetime","4.4.1993","0:15:12","","","Plowshare of Evil"," Pflugschar des Bösen","","","<P>Citing Nietzsche, Müller defines intellectuals as the ""ploughshares of evil,"" whose task it is ""to create chaos, to destroy conceptions of order."" Not ""trace elements of reason,"" but rather chaos can perhaps bring about enlightenment. </P><P> Godard's Weekend is, according to Müller, the ""best description of the war in Yugoslavia."" Men from Belgrade drive to Bosnia on the weekends to shoot people. Müller, who is expecting a child, asks how he is supposed to explain such conclusively apocalyptic scenarios to his child. He speculates that perhaps the loneliness this question of explaining the condition of the world occasions in him is a cause for hope. </P><P> The conversation then turns to Müller's artistic perspective for the Berliner Ensemble. Rather than just mechanically reproducing the repertoire, theater should be a place where history is written. Müller sketches a project in which historical figures (Rosa Luxemburg, Marat, Stalin, Lenin) appear in a discotheque and deliver their own original texts. </P><P> A poem by Müller thematizes the sensitivity of Lenin and Napoleon, both of whom were already monuments to themselves during their lifetimes. </P>","<P>Müller  bestimmt die Intelligenz mit Nietzsche als ""Pflugschar des Bösen"", deren Aufgabe es ist  ""Chaos zu schaffen, Ordnungsvorstellungen zu stören"". Nicht ""Spurenelemente"" von Vernunft, sondern von Chaos können vielleicht Aufklärung bewirken.</P><P> ""Weekend"" von Godard ist nach Müller die  ""beste Beschreibung des Jugoslawien-Krieges"". Die Belgrader Männer fahren zum Schießen am Wochenende nach Bosnien. Wie, fragt sich Müller, dessen Frau ein Kind erwartet, soll man solche schlüssigen Endzeit-Szenarios seinem Kind erklären"" Die Einsamkeit, in die ihn diese Frage der Erklärung der Weltlage versetzt, sei vielleicht eine Hoffnung. </P><P> Das Gespräch wendet sich dann Müllers künstlerischer Perspektive für das Berliner Ensemble zu. Gegen den Repertoirebetrieb soll Theater ein Ort der Geschichtsschreibung sein. Müller skizziert ein Projekt, in dem in einer Diskothek ausschließlich historische Figuren (Rosa Luxemburg, Marat, Stalin, Lenin) auftreten und ihre eigenen Originaltexte sprechen. </P><P> Ein Gedicht Müllers thematisiert die Empfindsamkeit von Lenin und Napoleon, die beide schon zu Lebzeiten ihre eigenen Denkmäler waren </P>"
"118","Ten to Eleven","01.09.1989","0:24:08","","","Portrait of Heiner Müller for his 60th Birthday"," Portrait Heiner Mueller","","","<P> This portrait of Heiner Müller on the occasion of his 60th birthday is devoted for the most part to having Müller recount events and memories from the first quarter of his life, starting with his birth on January 9, 1929 and closing with his immediate postwar experiences in the mid-1940's. This part memoire, part biographical sketch of  his early life includes descriptions of his parents’ background and employment activities, the arrest and incarceration of his father in a concentration camp in 1933, Müller’s recollections of school life in Nazi Germany, Müller’s brief detention in an American POW camp at the end of the war and, upon release, his adventurous return to his home in the Soviet Zone in eastern Germany.  These snapshots of his first 16 years also include anecdotes about Peter the Great and Andrei Platonov’s “Sluices of Epiphany” as well a meditation on a scene from Shakespeare’s Titus Andronicus.  </P>","<P> Anlässlich seines 60. Geburtstages, lässt dieses Porträt Heiner Müller Ereignisse und Erinnerungen aus seiner Jugend, angefangen mit seiner Geburt am 9. Januar 1929 bis zu seinen Nachkriegserfahrungen Mitte der 1940er Jahre, erzählen. Diese teils erinnernde, teils biographische Skizze seiner frühen Lebensjahre beinhaltet Beschreibungen der Herkunft und Berufstätigkeit seiner Eltern, der Verhaftung und Internierung seines Vaters in einem Konzentrationslager im Jahr 1933, Müllers Erinnerungen an seine Schulzeit im Dritten Reich, seine kurzfristige Internierung in einem amerikanischen Kriegsgefangenenlager am Ende des Krieges und seine abenteurliche Rückkehr in die sowjetische Zone in Ostdeutschland nach seiner Freilassung. Diese Momentaufnahmen seiner ersten 16 Lebensjahre werden angereichert sowohl durch Anekdoten über Peter den Grossen und Andrej Platonows Die Epiphaner Schleusen, als auch durch die Betrachtung einer Szene aus dem Shakespeare Stück Titus Andronicus. </P>"
"119","Primetime","7.22.1990","0:15:12","","","There Were Some Kind of Shadow Machines That Were Passing by There"," Es waren irgendwelche Schattenmaschinen die da vorbeiführen","Heiner Müller on his perception of the end of the war","Heiner Müller über seine Wahrnehmung des Kriegsendes","<P> In this interview Müller and Kluge explore the East German’s memories of the final days of the war. The session is introduced by a clip from the Russian film maker Sergei Parajanov’s 1961 film entitled The Ukranian Rhapsody.  Here a soldier of the Red Army is writing a letter to his fiancee Oskana on the home front, describing to her his imagined vision of listening to Beethoven’s Moonlight Sonata in the middle of battle. “In the past I rarely listened to Beethoven,” he says, “if he had composed only the Moonlight Sonata, the war would have had to stop in front of it too.” The scene then is interrupted by the arrival of German tanks. </P><P> Kluge opens the discussion with a question about a book by Curzio Malaparte, a writer of Italian-German descent, who authored two powerfully descriptive novels about World War II. Müller had helped get one of them republished, in part because it expressed views  closely in tune with his own memories of the end of the war and immediately afterwards. One of these was the notion that while the battle between Germany and the Soviet Union was the first war between workers’ armies, it nevertheless retained “an odd remnant of even feudal chivalrousness among these fully industrialized troops.” Other related topics include a discussion of the problem of rape during the Soviet terror of 1945-46, the halt of the German Wehrmacht before the gates of Moscow, and Müller’s own adventures as a POW of both the Soviets as well as the Americans. </P>","<P> In diesem Interview untersuchen Müller und Kluge die Erinnerungen der Ostdeutschen an die letzten Tage des Krieges. Das Gespräch wird mit einer Sequenz aus einem Film von 1961 des russischen Filmemachers Sergej Parajanow mit dem Titel The Ukrainian Rhapsody eingeleitet. Darin schreibt ein Soldat der Roten Armee einen Brief an seine Verlobte Oskana, die an der Heimatfront weilt, indem er ihr seine Vision mitteilt, während der Kämpfe Beethovens Mondscheinsonate zu lauschen. “ Früher habe ich selten Beethoven gehoert”, schreibt er, “wenn er lediglich die Mondscheinsonate komponiert hätte, hätte der Krieg auch davor zurückweichen müssen.” Die Szene wird durch die Ankunft deutscher Panzer unterbrochen. </P><P> Kluge beginnt die Diskussion mit einer Frage zu einem Buch von Curzio Malaparte, ein Schriftsteller deutsch-italienischer Herkunft, der zwei wortgewaltige Bücher über den Zweiten Weltkrieg verfasst hat. Müller hatte dabei geholfen eines der beiden Bücher wieder zu veröffentlichen. Unter anderem deswegen, weil die darin eingenommene Haltung sich mit seinen eigenen Erinnerungen an das Ende des Krieges und die unmittelbare Nachkriegszeit deckt. Eine dieser Übereinstimmungen war die Bemerkung, dass obwohl der Kampf zwischen Deutschland und der Sowjetunion erstmals ein Krieg zwischen Arbeiterarmeen war, er dennoch “ein seltsames Überbleibsel einer Art feudaler Ritterlichkeit unter diesen vollständig industrialisierten Truppen” bildete. Weitere behandelte Themen sind die Diskussion um das Problem der Vergewaltigungen während des sowjetischen Terrors von 1945-46, der Stopp der Wehrmacht vor den Toren Moskaus und Müllers eigenen Erfahrungen als Kriegsgefangener, sowohl auf Seiten der Sowjets als auch der Amerikaner.</P>"
"120","News & Stories","7.31.1995","0:45:06","","","On the Way to a Theater of Darknesses"," Theater der Finsternisse","""The theater has to bury the dead"" (Heiner Müller)","""Das Theater muß die Toten begraben"" (Heiner Müller)","The conversation begins on the topic of Müller’s plans for new plays. Müller tells us that he has promised to write a libretto for Boulez, and that he wishes to use the myth of Heracles as material for a stage play. Consequently Kluge und Müller probe the cultural traces left by this myth: in the work of Seneca, in the GDR and the Soviet Union. The interview then turns to different modes of dramatic production: Roman theatre in comparison to the Greek, Elizabethan theatre, Victor Hugo, Pushkin, and Müller's preference for short dramatic pieces. This is followed by a reflection on the meaning of the temporal dimension in theatre: plays that are very short or that go on all night; the moment of intermission as a stylistic element and how this affects the perception of theatre. These aspects are discussed in connection with a play by [Einar] Schleef and the staging of ""Hamlet"" in real time. These reflections on the shifting boundaries in theatre continue with a discussion of the play ""Capital"" by Luigi Nono, and finally come back to the myth of Heracles. The conversation then moves from an analogy between Heracles and Stalin to the differences between Stalin and Hitler. The discussion concludes with a consideration of individual text fragments by Heiner Müller: ""Goebbels tritt als Medea auf"" und ""Die drei Witwen."" ","Zu Anfang des Gesprächs geht es zunächst um Müllers Pläne für neue Stücke. Er hat Boulez ein Libretto versprochen. Außerdem möchte er den Mythos des Herakles zu einem Stück verarbeiten. Infolge dessen erkunden Kluge und Müller die kulturellen Spuren, die dieser Mythos hinterlassen hat: bei Seneca, in der DDR und der Sowjetunion. Das Gespräch wechselt dann über zu verschiedenen Formen dramatischer Inszenierung: das römische Theater im Vergleich zum griechischen, das elisabethanische Theater, Victor Hugo, Puschkin und Müllers Vorliebe für Kurzdramen. Hieran schließt sich eine Reflektion über die Bedeutung der Dimension Zeit im Theater an. Stücke die sehr kurz sind oder die ganze Nacht andauern, der Zeitpunkt der Pause als stilistisches Element, und wie dies auf die Wahrnehmung von Theater rückwirkt, wird anhand eines Stückes von Schleef und ""Hamlet"" in Echtzeit besprochen. Diese Reflektion über Grenzverschiebungen im Theater setzt sich fort mit der Besprechung des Stückes ""Das Kapital"" von Luigi Nono, um anschließend auf den Herakles-Mythos zurückzukommen. Über die Analogie Herakles/Stalin gelangt das Gespräch zu den Unterschieden zwischen Stalin und Hitler. Zum Abschluss werden einzelne Textfragmente Heiner Müllers thematisiert: ""Goebbels tritt als Medea auf"" und ""Die drei Witwen"". "
"121","Primetime","1.21.1996","0:15:05","","","Whoever Smokes Looks Cold-blooded"," Wer raucht sieht kaltblütig aus","","","<P> A few months before his death, Müller responded to the keywords ""breathing"" and ""smoking"" with an anecdote that interprets breathing as an indiscretion towards the dead. In his view, smoking is a means of practicing stoicism: ""Whoever smokes looks cold-blooded"" (Brecht) and ""Whoever smokes becomes cold-blooded"" (Müller). The conversation then turns to Rolf Hochhuth and his interest in the facts behind the character Effi Briest, the real-life model for whom died at age 92 in Lindau. Hochhuth also told Müller an anecdote about Adolf Hitler and how Hitler lost half his penis as a child. Müller and Kluge relate the titillating, colportage quality of such stories to Friedrich Schiller, with whom Hochhuth is closely associated. Müller cannot endorse Hochhuth's conception of the theater as a vehicle for passing moral judgment on the world; he sees theater instead as a means of transmitting collective experiences between generations. The most essential element of theater is transformation, but the final transformation is death, so that dying, fear of death, is what theater ultimately relies on. Müller describes Kant's moral philosophy (""the starry heavens above me and the moral law within me"") as a form of terror. His first encounter with Kant at age ten (Metaphysics of Morals, Chapter Onanism) deeply disturbed him. He was hence all the more relieved when he later learned that Kant masturbated regularly.  ""He was refuted."" Müller answers the question of whether the GDR's collapse resulted from its Puritanism or from its economy with a funny anecdote that reveals the relationship between the two. Müller describes Ovid's Metamorphoses as the failed attempt to found a civilization. The only consolation is to be transformed into a stone or a tree. Müller cites Brecht's desire ""to transform myself into un-threatenable dust."" </P>","<P> Wenige Monate vor seinem Tod antwortet Müller auf die Stichworte ""Atmen"" und ""Rauchen"" mit einer Anekdote, die das Atmen als Indiskretion gegenüber den Toten deutet. Das Rauchen ist seiner Auffassung nach ein Vehikel der Stoa: ""Wer raucht sieht kaltblütig aus"" (Brecht) und ""Wer raucht, wird kaltblütig"" (Müller). Das Gespräch wendet sich dann Rolf Hochhuth und dessen Fakteninteresse an Effi Briest zu, deren lebendiges Vorbild mit 92 Jahren in Lindau gestorben ist. Hochhuth hat Müller auch eine Anekdote über Adolf Hitler erzählt, wie dieser als Kind die Hälfte seines Penis' verlor. Das Kolportageartige, Erregende solcher Geschichten bringen Müller und Kluge in Verbindung mit Friedrich Schiller, dem Hochhuth nahesteht. Der Vorstellung vom Theater als moralischem Vehikel des Weltgerichts kann sich Müller nicht anschließen, Theater sei eher die Tradierung kollektiver Erfahrungen zwischen Generationen. Das wesentliche Element des Theaters ist die Verwandlung, die letzte Verwandlung aber sei der Tod, so daß schließlich das Sterben, die Todesangst dasjenige sei, auf das sich das Theater verlasse. Kants Moralphilosophie (""der gestirnte Himmel über mir und das moralische Gesetz in mir"") bezeichnet Müller als Terror. Seine erste Begegnung mit Kant im Alter von zehn Jahren (Metaphysik der Sitten, Kapitel Onanie), habe ihn tief gekränkt. Umso erleichterter war er, als er später erfahren habe, dass Kant regelmäßig onaniert habe: ""Er war widerlegt"". Die Frage, ob die DDR an ihrem Puritanismus oder an ihrer Ökonomie zugrunde gegangen sei, beantwortet Müller mit einer witzigen Anekdote, die beides ins Verhältnis setzt. Ovids Metamorphosen sei der scheiternde Versuch eine Zivilisation zu begründen. Einzige Tröstung ist die Verwandlung in einen Stein oder einen Baum. Müller zitiert Brechts Wunsch, ""mich zu verwandeln in unbedrohbaren Staub"". </P>"
